bbox_precision, bbox_recall, bbox_fscore, avg_iou
0.2006488644871475, 0.8923418423973363, 0.3276283618581907, 0.3182273807642016
