inner_sliding_window, intersect, crop, bbox_precision, bbox_recall, bbox_fscore, avg_iou, class_precision, class_recall, class_fscore
True, True, True, 0.954251012145749, 0.8975628332063975, 0.9250392464678179, 0.5623049770144517, 0.6536936310663463, 0.45714891811624947, 0.47407772228024697
True, False, True, 0.5209073803052477, 0.8615145228215768, 0.6492508143322475, 0.5171469356551579, 0.6316724032088207, 0.4356813164760185, 0.4535324360489178
True, True, False, 0.37603769351581784, 0.8332780908186941, 0.5182169543931977, 0.49495943086940847, 0.629269760795342, 0.4327764518695306, 0.450568225086947
True, False, False, 0.29966630914074605, 0.8077417282364279, 0.43715229485396384, 0.47875632857549727, 0.6292159497818145, 0.4326903957049115, 0.45049927465540696
False, True, True, 0.699743370402053, 0.9345011424219345, 0.8002608837436817, 0.5223112837985078, 0.581974400620189, 0.3553382233088835, 0.3674908872395269
False, False, True, 0.3741028270103999, 0.9136111607941334, 0.5308391790075343, 0.4957824177256672, 0.5676478867319994, 0.34475332811276427, 0.3572560668932208
False, True, False, 0.2744972186563971, 0.8975166142007694, 0.42041451626116166, 0.48394853196364773, 0.5672160771975524, 0.34353078721745905, 0.35612771393509146
False, False, False, 0.21626290288603328, 0.8834767641996558, 0.3474699610763242, 0.47541089459655544, 0.567250343744069, 0.34346386128969414, 0.3560746137316985
