intersect, crop, bbox_precision, bbox_recall, bbox_fscore, avg_iou, class_precision, class_recall, class_fscore
True, True, 0.016203143893591294, 0.1085899513776337, 0.028198653198653195, 0.031853027147858176, 0.0921779988944168, 0.08955223880597014, 0.08031463267380456
